<?xml version="1.0" encoding="UTF-8"?>
<project-private xmlns="http://www.netbeans.org/ns/project-private/1">
    <editor-bookmarks xmlns="http://www.netbeans.org/ns/editor-bookmarks/2" lastBookmarkId="0"/>
    <open-files xmlns="http://www.netbeans.org/ns/projectui-open-files/2">
        <group>
            <file>file:/C:/Users/Asus/Downloads/ChineseCheckers/ChineseCheckers/src/ChineseCheckers/FXMLDocumentController.java</file>
            <file>file:/C:/Users/Asus/Downloads/ChineseCheckers/ChineseCheckers/src/ChineseCheckers/ChineseCheckers.java</file>
            <file>file:/C:/Users/Asus/Downloads/ChineseCheckers/ChineseCheckers/src/ChineseCheckers/AnimaçãoEsperaController.java</file>
            <file>file:/C:/Users/Asus/Downloads/ChineseCheckers/ChineseCheckers/src/ChineseCheckers/Tabuleiro.java</file>
            <file>file:/C:/Users/Asus/Downloads/ChineseCheckers/ChineseCheckers/src/ChineseCheckers/Jogador.java</file>
            <file>file:/C:/Users/Asus/Downloads/ChineseCheckers/ChineseCheckers/src/ChineseCheckers/DadosJogo.java</file>
            <file>file:/C:/Users/Asus/Downloads/ChineseCheckers/ChineseCheckers/src/Server/Server.java</file>
            <file>file:/C:/Users/Asus/Downloads/ChineseCheckers/ChineseCheckers/src/ChineseCheckers/Circulo.java</file>
            <file>file:/C:/Users/Asus/Downloads/ChineseCheckers/ChineseCheckers/src/ChineseCheckers/RecebeMensagens.java</file>
        </group>
    </open-files>
</project-private>
